<application>
  <component name="FileTypeManager" version="19">
    <extensionMap>
      <mapping pattern="ReleaseBuild" type="Groovy" />
      <mapping pattern="gr" type="Groovy" />
      <mapping ext="pipeline" type="Groovy" />
      <mapping pattern="mcp.json" type="JSON5" />
      <mapping ext="gradle.kts" type="Kotlin" />
      <mapping ext="space.kts" type="Kotlin" />
      <mapping ext="main.kts" type="Kotlin" />
      <mapping pattern=".svnignore" type="PLAIN_TEXT" />
      <mapping ext="forproductdescription" type="PLAIN_TEXT" />
      <mapping ext="hpi" type="PLAIN_TEXT" />
      <mapping ext="ser" type="PLAIN_TEXT" />
      <mapping ext="cfg" type="PLAIN_TEXT" />
      <mapping ext="sfx" type="PLAIN_TEXT" />
      <mapping ext="ps1" type="PLAIN_TEXT" />
      <mapping ext="desc" type="PLAIN_TEXT" />
      <mapping ext="dll" type="PLAIN_TEXT" />
      <mapping ext="prefs" type="PLAIN_TEXT" />
      <mapping ext="out" type="PLAIN_TEXT" />
      <mapping ext="jenkins" type="PLAIN_TEXT" />
      <mapping ext="err" type="PLAIN_TEXT" />
      <mapping ext="plantuml" type="PlantUML file" />
      <mapping ext="tyaml" type="YAML" />
      <removed_mapping ext="apk" approved="true" type="ARCHIVE" />
      <removed_mapping ext="bat" approved="true" type="Batch" />
      <removed_mapping ext="chm" approved="true" type="Native" />
      <removed_mapping ext="cmd" approved="true" type="Batch" />
      <removed_mapping ext="ignore" approved="true" type="IgnoreLang file" />
      <removed_mapping ext="ps1" approved="true" type="PowerShell" />
      <removed_mapping ext="psd" approved="true" type="Image" />
    </extensionMap>
  </component>
</application>