<application>
  <component name="FindSettings">
    <option name="customScope" value="All Places" />
    <option name="defaultScopeName" value="All Places" />
    <option name="SEARCH_SCOPE" value="All Places" />
    <option name="FILE_MASK" value="*" />
    <mask>*.css</mask>
    <mask>*.html</mask>
    <mask>*.jsp</mask>
    <mask>*.gradle</mask>
    <mask>*.sql</mask>
    <mask>*.pr*</mask>
    <mask>*.xml</mask>
    <mask>*.java</mask>
    <mask>*CLIENT</mask>
    <mask>*sql</mask>
    <mask>*.properties</mask>
    <mask>*l</mask>
    <mask>*properties</mask>
    <mask>*ies</mask>
    <mask>*</mask>
  </component>
</application>