<application>
  <component name="GeneralSettings">
    <option name="confirmExit" value="false" />
    <option name="confirmOpenNewProject2" value="0" />
    <option name="defaultProjectDirectory" value="C:\tgw\Projects" />
    <option name="reopenLastProject" value="false" />
    <option name="searchInBackground" value="true" />
    <option name="showTipsOnStartup" value="false" />
  </component>
  <component name="Registry">
    <entry key="SBT.system.in.process" value="true" />
    <entry key="search.everywhere.settings" value="true" />
    <entry key="ide.windowSystem.autoShowProcessPopup" value="true" />
    <entry key="ide.experimental.ui" value="true" />
    <entry key="debugger.new.tool.window.layout" value="true" />
  </component>
  <component name="StatusBar">
    <option name="widgets">
      <map>
        <entry key="Memory" value="true" />
      </map>
    </option>
  </component>
</application>