<application>
  <component name="ActionMacroManager">
    <macro name="Checky">
      <action id="RunClass" />
    </macro>
    <macro name="Ignore IML">
      <action id="Subversion.ShowProperties" />
      <shortuct text="ENTER" />
      <typing text-keycode="521:1;46:0;73:0;76:0">*.il</typing>
      <action id="EditorBackSpace" />
      <typing text-keycode="77:0;76:0">ml</typing>
      <shortuct text="ENTER" />
      <typing text-keycode="46:0;73:0;68:0;69:0;65:0;55:1;521:1">.idea/*</typing>
    </macro>
  </component>
</application>