<application>
  <component name="RemoteServers">
    <remote-server name="Podman" type="docker">
      <configuration>
        <option name="apiUrl" value="http://127.0.0.1" />
        <option name="autoDetectExePaths" value="true" />
        <option name="certificatesPath" />
        <option name="connected" value="true" />
        <entry contributedKey="PodmanConnectionConfigurator.PodmanConnectionName" value="podman-machine-default-root" />
        <entry contributedKey="PodmanConnectionConfigurator.PodmanExecutable" value="C:\Program Files\RedHat\Podman\podman.exe" />
        <option name="customConfiguratorId" value="podman" />
        <option name="dockerComposeExePath" value="C:\Users\wimr\AppData\Local\Microsoft\WindowsApps\docker.exe" />
        <option name="dockerExePath" value="C:\Users\wimr\AppData\Local\Microsoft\WindowsApps\docker.exe" />
      </configuration>
    </remote-server>
  </component>
</application>