<application>
  <component name="SonarLintGlobalSettings">
    <option name="nodejsPath" value="C:\Users\wimr\git\ext\node-v18.16.1-win-x64" />
    <option name="sonarQubeServers">
      <list>
        <SonarQubeServer>
          <option name="hostUrl" value="http://sonar-latest:9000/" />
          <option name="name" value="sonar-latest" />
          <option name="login" value="wimr" />
          <password>dfdedfcddfdddf84dfd9dfdedfcbdfd8dfdedf98df9adf9bdf9d</password>
        </SonarQubeServer>
      </list>
    </option>
    <rules />
  </component>
</application>