<application>
  <component name="SonarLintGlobalSettings">
    <option name="sonarQubeServers">
      <list>
        <SonarQubeServer>
          <option name="hostUrl" value="https://prod.sonar.tgw-group.dev/" />
          <token>dfd9dfdbdfdfdff5df92df9fdf9fdf92df92dfcfdf9fdf9edfc9df9adf98df9adf98df9adfccdf9bdf93df9cdfcbdf98dfcedf92df9edfc9df99df9cdf99df98df99df9ddf9adfccdf98df99dfcedf9ddfcfdf9edf98df9f</token>
          <option name="name" value="Sonar-prod" />
        </SonarQubeServer>
      </list>
    </option>
    <rules />
  </component>
</application>