<application>
  <component name="StringManipulationState">
    <option name="lastAction">
      <UniversalActionModel>
        <option name="actionClassName" value="osmedile.intellij.stringmanip.styles.switching.ToScreamingSnakeCaseOrCamelCaseAction" />
      </UniversalActionModel>
    </option>
    <option name="normalizationSettings">
      <NormalizationSettings>
        <option name="escapeAfter" value="true" />
        <option name="type" value="NFC" />
      </NormalizationSettings>
    </option>
    <option name="normalizeSettings">
      <NormalizationSettings>
        <option name="escapeAfter" value="true" />
        <option name="type" value="NFC" />
      </NormalizationSettings>
    </option>
  </component>
</application>