<application>
  <component name="StringManipulationState">
    <option name="lastActionModel">
      <UniversalActionModel>
        <option name="actionClassName" value="osmedile.intellij.stringmanip.styles.switching.ToScreamingSnakeCaseOrCamelCaseAction" />
        <option name="description" value="Toggle: SCREAMING_SNAKE_CASE / camelCase" />
        <option name="textWithMnemonic" value="SCREAMING_SNAKE_CASE / camelCase" />
      </UniversalActionModel>
    </option>
    <option name="normalizationSettings">
      <NormalizationSettings>
        <option name="escapeAfter" value="true" />
        <option name="type" value="NFC" />
      </NormalizationSettings>
    </option>
    <option name="normalizeSettings">
      <NormalizationSettings>
        <option name="escapeAfter" value="true" />
        <option name="type" value="NFC" />
      </NormalizationSettings>
    </option>
  </component>
</application>