<application>
  <component name="Trusted.Paths">
    <option name="TRUSTED_PROJECT_PATHS">
      <map>
        <entry key="C:\Users\wimr\git\Build.Core" value="true" />
        <entry key="C:\Users\wimr\git\PickCenterOne" value="true" />
        <entry key="C:\Users\wimr\git\TgwWorkspace" value="true" />
        <entry key="C:\Users\wimr\git\TgwWorkspaceBlank" value="true" />
        <entry key="C:\Users\wimr\git\TgwWorkspace\core-inquiry" value="true" />
        <entry key="C:\Users\wimr\git\TgwWorkspace\core-keycloak" value="true" />
        <entry key="C:\Users\wimr\git\appmon" value="true" />
        <entry key="C:\Users\wimr\git\aurora_wm\backend" value="true" />
        <entry key="C:\Users\wimr\git\autowarehouse" value="true" />
        <entry key="C:\Users\wimr\git\autowarehouse\backend" value="true" />
        <entry key="C:\Users\wimr\git\core" value="true" />
        <entry key="C:\Users\wimr\git\core-kernel" value="true" />
        <entry key="C:\Users\wimr\git\core-kernel-swingui" value="true" />
        <entry key="C:\Users\wimr\git\core-keycloak" value="true" />
        <entry key="C:\Users\wimr\git\core-persistence-ado" value="true" />
        <entry key="C:\Users\wimr\git\core-rest" value="true" />
        <entry key="C:\Users\wimr\git\core-swingui" value="true" />
        <entry key="C:\Users\wimr\git\core-wm\backend" value="true" />
        <entry key="C:\Users\wimr\git\core2" value="true" />
        <entry key="C:\Users\wimr\git\core_2" value="true" />
        <entry key="C:\Users\wimr\git\gradle_plugins" value="true" />
        <entry key="C:\Users\wimr\git\ide-plugins" value="true" />
        <entry key="C:\Users\wimr\git\iup" value="true" />
        <entry key="C:\Users\wimr\git\iupagent" value="true" />
        <entry key="C:\Users\wimr\git\kernel" value="true" />
        <entry key="C:\Users\wimr\git\release-staging-tool" value="true" />
        <entry key="C:\Users\wimr\git\test_core-io" value="true" />
        <entry key="C:\Users\wimr\git\theben_wm\backend" value="true" />
        <entry key="C:\Users\wimr\git\vsts-authentication-library-for-java" value="true" />
        <entry key="C:\Users\wimr\git\wm" value="true" />
        <entry key="C:\Users\wimr\git\wm\backend" value="true" />
      </map>
    </option>
  </component>
  <component name="Trusted.Paths.Settings">
    <option name="TRUSTED_PATHS">
      <list>
        <option value="C:\Users\wimr\git" />
      </list>
    </option>
  </component>
</application>