<application>
  <component name="UISettings">
    <option name="ACTIVATE_MRU_EDITOR_ON_CLOSE" value="true" />
    <option name="compactTreeIndents" value="true" />
    <option name="HIDE_KNOWN_EXTENSION_IN_TABS" value="true" />
    <option name="MARK_MODIFIED_TABS_WITH_ASTERISK" value="true" />
    <option name="MAX_LOOKUP_LIST_HEIGHT" value="20" />
    <option name="MAX_LOOKUP_WIDTH2" value="1084" />
    <option name="MERGE_EQUAL_STACKTRACES" value="false" />
    <option name="SHOW_CLOSE_BUTTON" value="false" />
    <option name="USE_SMALL_LABELS_ON_TABS" value="true" />
  </component>
</application>