<application>
  <component name="ImportFilteringUsageViewSetting">
    <option name="SHOW_IMPORTS" value="false" />
  </component>
  <component name="ShowUsagesSettings">
    <option name="IS_FILTER_DUPLICATED_LINE" value="false" />
    <option name="GROUP_BY_FILE_STRUCTURE" value="true" />
  </component>
  <component name="UsageFilteringRuleState">
    <option value="com.intellij.usages.impl.rules.UsageInGeneratedCodeFilteringRule" />
    <option value="com.intellij.usages.impl.rules.ImportUsageFilteringRule" />
  </component>
  <component name="UsageInGeneratedCodeFilteringSetting">
    <option name="enabled" value="false" />
  </component>
  <component name="UsageViewSettings">
    <option name="GROUP_BY_FILE_STRUCTURE" value="false" />
    <option name="GROUP_BY_PACKAGE" value="false" />
    <option name="GROUP_BY_USAGE_TYPE" value="false" />
  </component>
</application>