<application>
  <component name="VSTSSettings">
    <option name="serverContexts">
      <array>
        <ServerContextState>
          <option name="type" value="VSO" />
          <option name="uri" value="https://TGW-Software@dev.azure.com/TGW-Software/iwacs.core/_git/gradle_plugins" />
          <option name="serverUri" value="https://dev.azure.com/TGW-Software" />
          <option name="userId" value="dc084cd6-8e08-6a51-a1a5-386159ae8fbc" />
          <option name="teamProjectCollectionReference" value="{&quot;id&quot;:&quot;c6737026-f353-4d3e-876d-3f468ed66cad&quot;,&quot;name&quot;:&quot;TGW-Software&quot;,&quot;url&quot;:&quot;https://dev.azure.com/TGW-Software/_apis/projectCollections/c6737026-f353-4d3e-876d-3f468ed66cad&quot;}" />
          <option name="teamProjectReference" value="{&quot;abbreviation&quot;:null,&quot;description&quot;:&quot;Project for all iwacs.core libraries&quot;,&quot;id&quot;:&quot;744bcfdb-d077-4806-894b-a59c43b3e13e&quot;,&quot;name&quot;:&quot;iwacs.core&quot;,&quot;revision&quot;:836,&quot;state&quot;:&quot;NEW&quot;,&quot;url&quot;:&quot;https://dev.azure.com/TGW-Software/_apis/projects/744bcfdb-d077-4806-894b-a59c43b3e13e&quot;}" />
          <option name="gitRepository" value="{&quot;defaultBranch&quot;:null,&quot;id&quot;:&quot;242933f3-b34c-4d07-bdb2-c31165e0f8f6&quot;,&quot;name&quot;:&quot;gradle_plugins&quot;,&quot;remoteUrl&quot;:&quot;https://TGW-Software@dev.azure.com/TGW-Software/iwacs.core/_git/gradle_plugins&quot;,&quot;url&quot;:&quot;https://dev.azure.com/TGW-Software/_apis/git/repositories/242933f3-b34c-4d07-bdb2-c31165e0f8f6&quot;,&quot;_links&quot;:null,&quot;project&quot;:{&quot;abbreviation&quot;:null,&quot;description&quot;:&quot;Project for all iwacs.core libraries&quot;,&quot;id&quot;:&quot;744bcfdb-d077-4806-894b-a59c43b3e13e&quot;,&quot;name&quot;:&quot;iwacs.core&quot;,&quot;revision&quot;:836,&quot;state&quot;:&quot;NEW&quot;,&quot;url&quot;:&quot;https://dev.azure.com/TGW-Software/_apis/projects/744bcfdb-d077-4806-894b-a59c43b3e13e&quot;}}" />
        </ServerContextState>
        <ServerContextState>
          <option name="type" value="VSO" />
          <option name="uri" value="https://TGW-Software@dev.azure.com/TGW-Software/iwacs.core/_git/core-persistence-ado" />
          <option name="serverUri" value="https://dev.azure.com/TGW-Software" />
          <option name="userId" value="dc084cd6-8e08-6a51-a1a5-386159ae8fbc" />
          <option name="teamProjectCollectionReference" value="{&quot;id&quot;:&quot;c6737026-f353-4d3e-876d-3f468ed66cad&quot;,&quot;name&quot;:&quot;TGW-Software&quot;,&quot;url&quot;:&quot;https://dev.azure.com/TGW-Software/_apis/projectCollections/c6737026-f353-4d3e-876d-3f468ed66cad&quot;}" />
          <option name="teamProjectReference" value="{&quot;abbreviation&quot;:null,&quot;description&quot;:&quot;Project for all iwacs.core libraries&quot;,&quot;id&quot;:&quot;744bcfdb-d077-4806-894b-a59c43b3e13e&quot;,&quot;name&quot;:&quot;iwacs.core&quot;,&quot;revision&quot;:740,&quot;state&quot;:&quot;NEW&quot;,&quot;url&quot;:&quot;https://dev.azure.com/TGW-Software/_apis/projects/744bcfdb-d077-4806-894b-a59c43b3e13e&quot;}" />
          <option name="gitRepository" value="{&quot;defaultBranch&quot;:null,&quot;id&quot;:&quot;6e6b2d39-f9f0-43dc-bb66-58aafe4eb7fe&quot;,&quot;name&quot;:&quot;core-persistence-ado&quot;,&quot;remoteUrl&quot;:&quot;https://TGW-Software@dev.azure.com/TGW-Software/iwacs.core/_git/core-persistence-ado&quot;,&quot;url&quot;:&quot;https://dev.azure.com/TGW-Software/_apis/git/repositories/6e6b2d39-f9f0-43dc-bb66-58aafe4eb7fe&quot;,&quot;_links&quot;:null,&quot;project&quot;:{&quot;abbreviation&quot;:null,&quot;description&quot;:&quot;Project for all iwacs.core libraries&quot;,&quot;id&quot;:&quot;744bcfdb-d077-4806-894b-a59c43b3e13e&quot;,&quot;name&quot;:&quot;iwacs.core&quot;,&quot;revision&quot;:740,&quot;state&quot;:&quot;NEW&quot;,&quot;url&quot;:&quot;https://dev.azure.com/TGW-Software/_apis/projects/744bcfdb-d077-4806-894b-a59c43b3e13e&quot;}}" />
        </ServerContextState>
        <ServerContextState>
          <option name="type" value="VSO" />
          <option name="uri" value="https://TGW-Software@dev.azure.com/TGW-Software/iwacs.core/_git/core-kernel-swingui" />
          <option name="serverUri" value="https://dev.azure.com/TGW-Software" />
          <option name="userId" value="dc084cd6-8e08-6a51-a1a5-386159ae8fbc" />
          <option name="teamProjectCollectionReference" value="{&quot;id&quot;:&quot;c6737026-f353-4d3e-876d-3f468ed66cad&quot;,&quot;name&quot;:&quot;TGW-Software&quot;,&quot;url&quot;:&quot;https://dev.azure.com/TGW-Software/_apis/projectCollections/c6737026-f353-4d3e-876d-3f468ed66cad&quot;}" />
          <option name="teamProjectReference" value="{&quot;abbreviation&quot;:null,&quot;description&quot;:&quot;Project for all iwacs.core libraries&quot;,&quot;id&quot;:&quot;744bcfdb-d077-4806-894b-a59c43b3e13e&quot;,&quot;name&quot;:&quot;iwacs.core&quot;,&quot;revision&quot;:836,&quot;state&quot;:&quot;NEW&quot;,&quot;url&quot;:&quot;https://dev.azure.com/TGW-Software/_apis/projects/744bcfdb-d077-4806-894b-a59c43b3e13e&quot;}" />
          <option name="gitRepository" value="{&quot;defaultBranch&quot;:null,&quot;id&quot;:&quot;2ac5d200-342a-4686-9104-3d82ac317fa3&quot;,&quot;name&quot;:&quot;core-kernel-swingui&quot;,&quot;remoteUrl&quot;:&quot;https://TGW-Software@dev.azure.com/TGW-Software/iwacs.core/_git/core-kernel-swingui&quot;,&quot;url&quot;:&quot;https://dev.azure.com/TGW-Software/_apis/git/repositories/2ac5d200-342a-4686-9104-3d82ac317fa3&quot;,&quot;_links&quot;:null,&quot;project&quot;:{&quot;abbreviation&quot;:null,&quot;description&quot;:&quot;Project for all iwacs.core libraries&quot;,&quot;id&quot;:&quot;744bcfdb-d077-4806-894b-a59c43b3e13e&quot;,&quot;name&quot;:&quot;iwacs.core&quot;,&quot;revision&quot;:836,&quot;state&quot;:&quot;NEW&quot;,&quot;url&quot;:&quot;https://dev.azure.com/TGW-Software/_apis/projects/744bcfdb-d077-4806-894b-a59c43b3e13e&quot;}}" />
        </ServerContextState>
        <ServerContextState>
          <option name="type" value="VSO" />
          <option name="uri" value="https://TGW-Software@dev.azure.com/TGW-Software/iwacs.core/_git/core-kernel" />
          <option name="serverUri" value="https://dev.azure.com/TGW-Software" />
          <option name="userId" value="dc084cd6-8e08-6a51-a1a5-386159ae8fbc" />
          <option name="teamProjectCollectionReference" value="{&quot;id&quot;:&quot;c6737026-f353-4d3e-876d-3f468ed66cad&quot;,&quot;name&quot;:&quot;TGW-Software&quot;,&quot;url&quot;:&quot;https://dev.azure.com/TGW-Software/_apis/projectCollections/c6737026-f353-4d3e-876d-3f468ed66cad&quot;}" />
          <option name="teamProjectReference" value="{&quot;abbreviation&quot;:null,&quot;description&quot;:&quot;Project for all iwacs.core libraries&quot;,&quot;id&quot;:&quot;744bcfdb-d077-4806-894b-a59c43b3e13e&quot;,&quot;name&quot;:&quot;iwacs.core&quot;,&quot;revision&quot;:836,&quot;state&quot;:&quot;NEW&quot;,&quot;url&quot;:&quot;https://dev.azure.com/TGW-Software/_apis/projects/744bcfdb-d077-4806-894b-a59c43b3e13e&quot;}" />
          <option name="gitRepository" value="{&quot;defaultBranch&quot;:null,&quot;id&quot;:&quot;6a550bc4-578e-4ae1-a4fe-ce3a72ce8e7d&quot;,&quot;name&quot;:&quot;core-kernel&quot;,&quot;remoteUrl&quot;:&quot;https://TGW-Software@dev.azure.com/TGW-Software/iwacs.core/_git/core-kernel&quot;,&quot;url&quot;:&quot;https://dev.azure.com/TGW-Software/_apis/git/repositories/6a550bc4-578e-4ae1-a4fe-ce3a72ce8e7d&quot;,&quot;_links&quot;:null,&quot;project&quot;:{&quot;abbreviation&quot;:null,&quot;description&quot;:&quot;Project for all iwacs.core libraries&quot;,&quot;id&quot;:&quot;744bcfdb-d077-4806-894b-a59c43b3e13e&quot;,&quot;name&quot;:&quot;iwacs.core&quot;,&quot;revision&quot;:836,&quot;state&quot;:&quot;NEW&quot;,&quot;url&quot;:&quot;https://dev.azure.com/TGW-Software/_apis/projects/744bcfdb-d077-4806-894b-a59c43b3e13e&quot;}}" />
        </ServerContextState>
        <ServerContextState>
          <option name="type" value="VSO" />
          <option name="uri" value="https://TGW-Software@dev.azure.com/TGW-Software/iwacs.core/_git/core-purger" />
          <option name="serverUri" value="https://dev.azure.com/TGW-Software" />
          <option name="userId" value="dc084cd6-8e08-6a51-a1a5-386159ae8fbc" />
          <option name="teamProjectCollectionReference" value="{&quot;id&quot;:&quot;c6737026-f353-4d3e-876d-3f468ed66cad&quot;,&quot;name&quot;:&quot;TGW-Software&quot;,&quot;url&quot;:&quot;https://dev.azure.com/TGW-Software/_apis/projectCollections/c6737026-f353-4d3e-876d-3f468ed66cad&quot;}" />
          <option name="teamProjectReference" value="{&quot;abbreviation&quot;:null,&quot;description&quot;:&quot;Project for all iwacs.core libraries&quot;,&quot;id&quot;:&quot;744bcfdb-d077-4806-894b-a59c43b3e13e&quot;,&quot;name&quot;:&quot;iwacs.core&quot;,&quot;revision&quot;:740,&quot;state&quot;:&quot;NEW&quot;,&quot;url&quot;:&quot;https://dev.azure.com/TGW-Software/_apis/projects/744bcfdb-d077-4806-894b-a59c43b3e13e&quot;}" />
          <option name="gitRepository" value="{&quot;defaultBranch&quot;:null,&quot;id&quot;:&quot;6b69e346-2218-48fd-bee2-a4c12be8df09&quot;,&quot;name&quot;:&quot;core-purger&quot;,&quot;remoteUrl&quot;:&quot;https://TGW-Software@dev.azure.com/TGW-Software/iwacs.core/_git/core-purger&quot;,&quot;url&quot;:&quot;https://dev.azure.com/TGW-Software/_apis/git/repositories/6b69e346-2218-48fd-bee2-a4c12be8df09&quot;,&quot;_links&quot;:null,&quot;project&quot;:{&quot;abbreviation&quot;:null,&quot;description&quot;:&quot;Project for all iwacs.core libraries&quot;,&quot;id&quot;:&quot;744bcfdb-d077-4806-894b-a59c43b3e13e&quot;,&quot;name&quot;:&quot;iwacs.core&quot;,&quot;revision&quot;:740,&quot;state&quot;:&quot;NEW&quot;,&quot;url&quot;:&quot;https://dev.azure.com/TGW-Software/_apis/projects/744bcfdb-d077-4806-894b-a59c43b3e13e&quot;}}" />
        </ServerContextState>
        <ServerContextState>
          <option name="type" value="VSO" />
          <option name="uri" value="https://TGW-Software@dev.azure.com/TGW-Software/iwacs.core/_git/core-inquiry" />
          <option name="serverUri" value="https://dev.azure.com/TGW-Software" />
          <option name="userId" value="dc084cd6-8e08-6a51-a1a5-386159ae8fbc" />
          <option name="teamProjectCollectionReference" value="{&quot;id&quot;:&quot;c6737026-f353-4d3e-876d-3f468ed66cad&quot;,&quot;name&quot;:&quot;TGW-Software&quot;,&quot;url&quot;:&quot;https://dev.azure.com/TGW-Software/_apis/projectCollections/c6737026-f353-4d3e-876d-3f468ed66cad&quot;}" />
          <option name="teamProjectReference" value="{&quot;abbreviation&quot;:null,&quot;description&quot;:&quot;Project for all iwacs.core libraries&quot;,&quot;id&quot;:&quot;744bcfdb-d077-4806-894b-a59c43b3e13e&quot;,&quot;name&quot;:&quot;iwacs.core&quot;,&quot;revision&quot;:836,&quot;state&quot;:&quot;NEW&quot;,&quot;url&quot;:&quot;https://dev.azure.com/TGW-Software/_apis/projects/744bcfdb-d077-4806-894b-a59c43b3e13e&quot;}" />
          <option name="gitRepository" value="{&quot;defaultBranch&quot;:null,&quot;id&quot;:&quot;93381941-1ebf-4339-854b-d1621bb6ea21&quot;,&quot;name&quot;:&quot;core-inquiry&quot;,&quot;remoteUrl&quot;:&quot;https://TGW-Software@dev.azure.com/TGW-Software/iwacs.core/_git/core-inquiry&quot;,&quot;url&quot;:&quot;https://dev.azure.com/TGW-Software/_apis/git/repositories/93381941-1ebf-4339-854b-d1621bb6ea21&quot;,&quot;_links&quot;:null,&quot;project&quot;:{&quot;abbreviation&quot;:null,&quot;description&quot;:&quot;Project for all iwacs.core libraries&quot;,&quot;id&quot;:&quot;744bcfdb-d077-4806-894b-a59c43b3e13e&quot;,&quot;name&quot;:&quot;iwacs.core&quot;,&quot;revision&quot;:836,&quot;state&quot;:&quot;NEW&quot;,&quot;url&quot;:&quot;https://dev.azure.com/TGW-Software/_apis/projects/744bcfdb-d077-4806-894b-a59c43b3e13e&quot;}}" />
        </ServerContextState>
        <ServerContextState>
          <option name="type" value="VSO" />
          <option name="uri" value="https://TGW-Software@dev.azure.com/TGW-Software/iwacs.core.tools/_git/iwacs-ws-launcher" />
          <option name="serverUri" value="https://dev.azure.com/TGW-Software" />
          <option name="userId" value="dc084cd6-8e08-6a51-a1a5-386159ae8fbc" />
          <option name="teamProjectCollectionReference" value="{&quot;id&quot;:&quot;c6737026-f353-4d3e-876d-3f468ed66cad&quot;,&quot;name&quot;:&quot;TGW-Software&quot;,&quot;url&quot;:&quot;https://dev.azure.com/TGW-Software/_apis/projectCollections/c6737026-f353-4d3e-876d-3f468ed66cad&quot;}" />
          <option name="teamProjectReference" value="{&quot;abbreviation&quot;:null,&quot;description&quot;:&quot;Project for all iwacs.core tool libraries&quot;,&quot;id&quot;:&quot;45841a03-2a45-4050-ae59-ecbca2fdaae9&quot;,&quot;name&quot;:&quot;iwacs.core.tools&quot;,&quot;revision&quot;:835,&quot;state&quot;:&quot;NEW&quot;,&quot;url&quot;:&quot;https://dev.azure.com/TGW-Software/_apis/projects/45841a03-2a45-4050-ae59-ecbca2fdaae9&quot;}" />
          <option name="gitRepository" value="{&quot;defaultBranch&quot;:null,&quot;id&quot;:&quot;78bbc7ee-ac0f-4a46-8daa-8d949b534887&quot;,&quot;name&quot;:&quot;iwacs-ws-launcher&quot;,&quot;remoteUrl&quot;:&quot;https://TGW-Software@dev.azure.com/TGW-Software/iwacs.core.tools/_git/iwacs-ws-launcher&quot;,&quot;url&quot;:&quot;https://dev.azure.com/TGW-Software/_apis/git/repositories/78bbc7ee-ac0f-4a46-8daa-8d949b534887&quot;,&quot;_links&quot;:null,&quot;project&quot;:{&quot;abbreviation&quot;:null,&quot;description&quot;:&quot;Project for all iwacs.core tool libraries&quot;,&quot;id&quot;:&quot;45841a03-2a45-4050-ae59-ecbca2fdaae9&quot;,&quot;name&quot;:&quot;iwacs.core.tools&quot;,&quot;revision&quot;:835,&quot;state&quot;:&quot;NEW&quot;,&quot;url&quot;:&quot;https://dev.azure.com/TGW-Software/_apis/projects/45841a03-2a45-4050-ae59-ecbca2fdaae9&quot;}}" />
        </ServerContextState>
        <ServerContextState>
          <option name="type" value="VSO" />
          <option name="uri" value="https://TGW-Software@dev.azure.com/TGW-Software/iwacs.core/_git/core-swingui" />
          <option name="serverUri" value="https://dev.azure.com/TGW-Software" />
          <option name="userId" value="dc084cd6-8e08-6a51-a1a5-386159ae8fbc" />
          <option name="teamProjectCollectionReference" value="{&quot;id&quot;:&quot;c6737026-f353-4d3e-876d-3f468ed66cad&quot;,&quot;name&quot;:&quot;TGW-Software&quot;,&quot;url&quot;:&quot;https://dev.azure.com/TGW-Software/_apis/projectCollections/c6737026-f353-4d3e-876d-3f468ed66cad&quot;}" />
          <option name="teamProjectReference" value="{&quot;abbreviation&quot;:null,&quot;description&quot;:&quot;Project for all iwacs.core libraries&quot;,&quot;id&quot;:&quot;744bcfdb-d077-4806-894b-a59c43b3e13e&quot;,&quot;name&quot;:&quot;iwacs.core&quot;,&quot;revision&quot;:740,&quot;state&quot;:&quot;NEW&quot;,&quot;url&quot;:&quot;https://dev.azure.com/TGW-Software/_apis/projects/744bcfdb-d077-4806-894b-a59c43b3e13e&quot;}" />
          <option name="gitRepository" value="{&quot;defaultBranch&quot;:null,&quot;id&quot;:&quot;160e2d68-88a2-45bd-a067-bd8ed86e45ce&quot;,&quot;name&quot;:&quot;core-swingui&quot;,&quot;remoteUrl&quot;:&quot;https://TGW-Software@dev.azure.com/TGW-Software/iwacs.core/_git/core-swingui&quot;,&quot;url&quot;:&quot;https://dev.azure.com/TGW-Software/_apis/git/repositories/160e2d68-88a2-45bd-a067-bd8ed86e45ce&quot;,&quot;_links&quot;:null,&quot;project&quot;:{&quot;abbreviation&quot;:null,&quot;description&quot;:&quot;Project for all iwacs.core libraries&quot;,&quot;id&quot;:&quot;744bcfdb-d077-4806-894b-a59c43b3e13e&quot;,&quot;name&quot;:&quot;iwacs.core&quot;,&quot;revision&quot;:740,&quot;state&quot;:&quot;NEW&quot;,&quot;url&quot;:&quot;https://dev.azure.com/TGW-Software/_apis/projects/744bcfdb-d077-4806-894b-a59c43b3e13e&quot;}}" />
        </ServerContextState>
        <ServerContextState>
          <option name="type" value="VSO" />
          <option name="uri" value="https://TGW-Software@dev.azure.com/TGW-Software/iwacs.core/_git/core-purger-swingui" />
          <option name="serverUri" value="https://dev.azure.com/TGW-Software" />
          <option name="userId" value="dc084cd6-8e08-6a51-a1a5-386159ae8fbc" />
          <option name="teamProjectCollectionReference" value="{&quot;id&quot;:&quot;c6737026-f353-4d3e-876d-3f468ed66cad&quot;,&quot;name&quot;:&quot;TGW-Software&quot;,&quot;url&quot;:&quot;https://dev.azure.com/TGW-Software/_apis/projectCollections/c6737026-f353-4d3e-876d-3f468ed66cad&quot;}" />
          <option name="teamProjectReference" value="{&quot;abbreviation&quot;:null,&quot;description&quot;:&quot;Project for all iwacs.core libraries&quot;,&quot;id&quot;:&quot;744bcfdb-d077-4806-894b-a59c43b3e13e&quot;,&quot;name&quot;:&quot;iwacs.core&quot;,&quot;revision&quot;:740,&quot;state&quot;:&quot;NEW&quot;,&quot;url&quot;:&quot;https://dev.azure.com/TGW-Software/_apis/projects/744bcfdb-d077-4806-894b-a59c43b3e13e&quot;}" />
          <option name="gitRepository" value="{&quot;defaultBranch&quot;:null,&quot;id&quot;:&quot;aa068d12-d619-4116-8e6c-f628cdd77835&quot;,&quot;name&quot;:&quot;core-purger-swingui&quot;,&quot;remoteUrl&quot;:&quot;https://TGW-Software@dev.azure.com/TGW-Software/iwacs.core/_git/core-purger-swingui&quot;,&quot;url&quot;:&quot;https://dev.azure.com/TGW-Software/_apis/git/repositories/aa068d12-d619-4116-8e6c-f628cdd77835&quot;,&quot;_links&quot;:null,&quot;project&quot;:{&quot;abbreviation&quot;:null,&quot;description&quot;:&quot;Project for all iwacs.core libraries&quot;,&quot;id&quot;:&quot;744bcfdb-d077-4806-894b-a59c43b3e13e&quot;,&quot;name&quot;:&quot;iwacs.core&quot;,&quot;revision&quot;:740,&quot;state&quot;:&quot;NEW&quot;,&quot;url&quot;:&quot;https://dev.azure.com/TGW-Software/_apis/projects/744bcfdb-d077-4806-894b-a59c43b3e13e&quot;}}" />
        </ServerContextState>
        <ServerContextState>
          <option name="type" value="VSO" />
          <option name="uri" value="https://TGW-Software@dev.azure.com/TGW-Software/iwacs.core/_git/core-rest" />
          <option name="serverUri" value="https://dev.azure.com/TGW-Software" />
          <option name="userId" value="dc084cd6-8e08-6a51-a1a5-386159ae8fbc" />
          <option name="teamProjectCollectionReference" value="{&quot;id&quot;:&quot;c6737026-f353-4d3e-876d-3f468ed66cad&quot;,&quot;name&quot;:&quot;TGW-Software&quot;,&quot;url&quot;:&quot;https://dev.azure.com/TGW-Software/_apis/projectCollections/c6737026-f353-4d3e-876d-3f468ed66cad&quot;}" />
          <option name="teamProjectReference" value="{&quot;abbreviation&quot;:null,&quot;description&quot;:&quot;Project for all iwacs.core libraries&quot;,&quot;id&quot;:&quot;744bcfdb-d077-4806-894b-a59c43b3e13e&quot;,&quot;name&quot;:&quot;iwacs.core&quot;,&quot;revision&quot;:836,&quot;state&quot;:&quot;NEW&quot;,&quot;url&quot;:&quot;https://dev.azure.com/TGW-Software/_apis/projects/744bcfdb-d077-4806-894b-a59c43b3e13e&quot;}" />
          <option name="gitRepository" value="{&quot;defaultBranch&quot;:null,&quot;id&quot;:&quot;83273ca7-0f57-4cd2-b59b-a0694786b1f2&quot;,&quot;name&quot;:&quot;core-rest&quot;,&quot;remoteUrl&quot;:&quot;https://TGW-Software@dev.azure.com/TGW-Software/iwacs.core/_git/core-rest&quot;,&quot;url&quot;:&quot;https://dev.azure.com/TGW-Software/_apis/git/repositories/83273ca7-0f57-4cd2-b59b-a0694786b1f2&quot;,&quot;_links&quot;:null,&quot;project&quot;:{&quot;abbreviation&quot;:null,&quot;description&quot;:&quot;Project for all iwacs.core libraries&quot;,&quot;id&quot;:&quot;744bcfdb-d077-4806-894b-a59c43b3e13e&quot;,&quot;name&quot;:&quot;iwacs.core&quot;,&quot;revision&quot;:836,&quot;state&quot;:&quot;NEW&quot;,&quot;url&quot;:&quot;https://dev.azure.com/TGW-Software/_apis/projects/744bcfdb-d077-4806-894b-a59c43b3e13e&quot;}}" />
        </ServerContextState>
        <ServerContextState>
          <option name="type" value="VSO" />
          <option name="uri" value="https://TGW-Software@dev.azure.com/TGW-Software/iwacs.core.tools/_git/release-staging-tool" />
          <option name="serverUri" value="https://dev.azure.com/TGW-Software" />
          <option name="userId" value="dc084cd6-8e08-6a51-a1a5-386159ae8fbc" />
          <option name="teamProjectCollectionReference" value="{&quot;id&quot;:&quot;c6737026-f353-4d3e-876d-3f468ed66cad&quot;,&quot;name&quot;:&quot;TGW-Software&quot;,&quot;url&quot;:&quot;https://dev.azure.com/TGW-Software/_apis/projectCollections/c6737026-f353-4d3e-876d-3f468ed66cad&quot;}" />
          <option name="teamProjectReference" value="{&quot;abbreviation&quot;:null,&quot;description&quot;:&quot;Project for all iwacs.core tool libraries&quot;,&quot;id&quot;:&quot;45841a03-2a45-4050-ae59-ecbca2fdaae9&quot;,&quot;name&quot;:&quot;iwacs.core.tools&quot;,&quot;revision&quot;:835,&quot;state&quot;:&quot;NEW&quot;,&quot;url&quot;:&quot;https://dev.azure.com/TGW-Software/_apis/projects/45841a03-2a45-4050-ae59-ecbca2fdaae9&quot;}" />
          <option name="gitRepository" value="{&quot;defaultBranch&quot;:null,&quot;id&quot;:&quot;d66b4247-d1f5-4659-b56f-b26c193fbf1f&quot;,&quot;name&quot;:&quot;release-staging-tool&quot;,&quot;remoteUrl&quot;:&quot;https://TGW-Software@dev.azure.com/TGW-Software/iwacs.core.tools/_git/release-staging-tool&quot;,&quot;url&quot;:&quot;https://dev.azure.com/TGW-Software/_apis/git/repositories/d66b4247-d1f5-4659-b56f-b26c193fbf1f&quot;,&quot;_links&quot;:null,&quot;project&quot;:{&quot;abbreviation&quot;:null,&quot;description&quot;:&quot;Project for all iwacs.core tool libraries&quot;,&quot;id&quot;:&quot;45841a03-2a45-4050-ae59-ecbca2fdaae9&quot;,&quot;name&quot;:&quot;iwacs.core.tools&quot;,&quot;revision&quot;:835,&quot;state&quot;:&quot;NEW&quot;,&quot;url&quot;:&quot;https://dev.azure.com/TGW-Software/_apis/projects/45841a03-2a45-4050-ae59-ecbca2fdaae9&quot;}}" />
        </ServerContextState>
        <ServerContextState>
          <option name="type" value="VSO" />
          <option name="uri" value="https://TGW-Software@dev.azure.com/TGW-Software/iwacs.iup/_git/iupagent" />
          <option name="serverUri" value="https://dev.azure.com/TGW-Software" />
          <option name="userId" value="dc084cd6-8e08-6a51-a1a5-386159ae8fbc" />
          <option name="teamProjectCollectionReference" value="{&quot;id&quot;:&quot;c6737026-f353-4d3e-876d-3f468ed66cad&quot;,&quot;name&quot;:&quot;TGW-Software&quot;,&quot;url&quot;:&quot;https://dev.azure.com/TGW-Software/_apis/projectCollections/c6737026-f353-4d3e-876d-3f468ed66cad&quot;}" />
          <option name="teamProjectReference" value="{&quot;abbreviation&quot;:null,&quot;description&quot;:&quot;iWACS legacy deployment software&quot;,&quot;id&quot;:&quot;32e5fd45-935c-4f1d-a8f2-476ab20571f4&quot;,&quot;name&quot;:&quot;iwacs.iup&quot;,&quot;revision&quot;:844,&quot;state&quot;:&quot;NEW&quot;,&quot;url&quot;:&quot;https://dev.azure.com/TGW-Software/_apis/projects/32e5fd45-935c-4f1d-a8f2-476ab20571f4&quot;}" />
          <option name="gitRepository" value="{&quot;defaultBranch&quot;:null,&quot;id&quot;:&quot;030d646d-3868-4cbb-afbb-f0fb8dbd488e&quot;,&quot;name&quot;:&quot;iupagent&quot;,&quot;remoteUrl&quot;:&quot;https://TGW-Software@dev.azure.com/TGW-Software/iwacs.iup/_git/iupagent&quot;,&quot;url&quot;:&quot;https://dev.azure.com/TGW-Software/_apis/git/repositories/030d646d-3868-4cbb-afbb-f0fb8dbd488e&quot;,&quot;_links&quot;:null,&quot;project&quot;:{&quot;abbreviation&quot;:null,&quot;description&quot;:&quot;iWACS legacy deployment software&quot;,&quot;id&quot;:&quot;32e5fd45-935c-4f1d-a8f2-476ab20571f4&quot;,&quot;name&quot;:&quot;iwacs.iup&quot;,&quot;revision&quot;:844,&quot;state&quot;:&quot;NEW&quot;,&quot;url&quot;:&quot;https://dev.azure.com/TGW-Software/_apis/projects/32e5fd45-935c-4f1d-a8f2-476ab20571f4&quot;}}" />
        </ServerContextState>
        <ServerContextState>
          <option name="type" value="VSO" />
          <option name="uri" value="https://dev.azure.com/AT-TSI-PD-UNITED-UIUX/ActiveDataManagement/_git/ActiveDataManagement" />
          <option name="serverUri" value="https://dev.azure.com/AT-TSI-PD-UNITED-UIUX" />
          <option name="userId" value="dc084cd6-8e08-6a51-a1a5-386159ae8fbc" />
          <option name="teamProjectCollectionReference" value="{&quot;id&quot;:&quot;ed8862fe-68fa-4e20-86e5-a87634f0d40c&quot;,&quot;name&quot;:&quot;AT-TSI-PD-UNITED-UIUX&quot;,&quot;url&quot;:&quot;https://dev.azure.com/AT-TSI-PD-UNITED-UIUX/_apis/projectCollections/ed8862fe-68fa-4e20-86e5-a87634f0d40c&quot;}" />
          <option name="teamProjectReference" value="{&quot;abbreviation&quot;:null,&quot;description&quot;:&quot;Dynamic view for displaying and manipulating data from a WM system. The management also includes filtering and master / detail relations&quot;,&quot;id&quot;:&quot;16b7adf8-6e10-4963-a9a4-41760f5187eb&quot;,&quot;name&quot;:&quot;ActiveDataManagement&quot;,&quot;revision&quot;:253,&quot;state&quot;:&quot;NEW&quot;,&quot;url&quot;:&quot;https://dev.azure.com/AT-TSI-PD-UNITED-UIUX/_apis/projects/16b7adf8-6e10-4963-a9a4-41760f5187eb&quot;}" />
          <option name="gitRepository" value="{&quot;defaultBranch&quot;:null,&quot;id&quot;:&quot;7d4df47a-9ba3-4205-af1e-78d93517e30a&quot;,&quot;name&quot;:&quot;ActiveDataManagement&quot;,&quot;remoteUrl&quot;:&quot;https://AT-TSI-PD-UNITED-UIUX@dev.azure.com/AT-TSI-PD-UNITED-UIUX/ActiveDataManagement/_git/ActiveDataManagement&quot;,&quot;url&quot;:&quot;https://dev.azure.com/AT-TSI-PD-UNITED-UIUX/_apis/git/repositories/7d4df47a-9ba3-4205-af1e-78d93517e30a&quot;,&quot;_links&quot;:null,&quot;project&quot;:{&quot;abbreviation&quot;:null,&quot;description&quot;:&quot;Dynamic view for displaying and manipulating data from a WM system. The management also includes filtering and master / detail relations&quot;,&quot;id&quot;:&quot;16b7adf8-6e10-4963-a9a4-41760f5187eb&quot;,&quot;name&quot;:&quot;ActiveDataManagement&quot;,&quot;revision&quot;:253,&quot;state&quot;:&quot;NEW&quot;,&quot;url&quot;:&quot;https://dev.azure.com/AT-TSI-PD-UNITED-UIUX/_apis/projects/16b7adf8-6e10-4963-a9a4-41760f5187eb&quot;}}" />
        </ServerContextState>
        <ServerContextState>
          <option name="type" value="VSO" />
          <option name="uri" value="https://dev.azure.com/TGW-Software/iwacs.core/_git/core-persistence-ado" />
          <option name="serverUri" value="https://dev.azure.com/TGW-Software" />
          <option name="userId" value="dc084cd6-8e08-6a51-a1a5-386159ae8fbc" />
          <option name="teamProjectCollectionReference" value="{&quot;id&quot;:&quot;c6737026-f353-4d3e-876d-3f468ed66cad&quot;,&quot;name&quot;:&quot;TGW-Software&quot;,&quot;url&quot;:&quot;https://dev.azure.com/TGW-Software/_apis/projectCollections/c6737026-f353-4d3e-876d-3f468ed66cad&quot;}" />
          <option name="teamProjectReference" value="{&quot;abbreviation&quot;:null,&quot;description&quot;:&quot;Project for all iwacs.core libraries&quot;,&quot;id&quot;:&quot;744bcfdb-d077-4806-894b-a59c43b3e13e&quot;,&quot;name&quot;:&quot;iwacs.core&quot;,&quot;revision&quot;:740,&quot;state&quot;:&quot;NEW&quot;,&quot;url&quot;:&quot;https://dev.azure.com/TGW-Software/_apis/projects/744bcfdb-d077-4806-894b-a59c43b3e13e&quot;}" />
          <option name="gitRepository" value="{&quot;defaultBranch&quot;:null,&quot;id&quot;:&quot;6e6b2d39-f9f0-43dc-bb66-58aafe4eb7fe&quot;,&quot;name&quot;:&quot;core-persistence-ado&quot;,&quot;remoteUrl&quot;:&quot;https://TGW-Software@dev.azure.com/TGW-Software/iwacs.core/_git/core-persistence-ado&quot;,&quot;url&quot;:&quot;https://dev.azure.com/TGW-Software/_apis/git/repositories/6e6b2d39-f9f0-43dc-bb66-58aafe4eb7fe&quot;,&quot;_links&quot;:null,&quot;project&quot;:{&quot;abbreviation&quot;:null,&quot;description&quot;:&quot;Project for all iwacs.core libraries&quot;,&quot;id&quot;:&quot;744bcfdb-d077-4806-894b-a59c43b3e13e&quot;,&quot;name&quot;:&quot;iwacs.core&quot;,&quot;revision&quot;:740,&quot;state&quot;:&quot;NEW&quot;,&quot;url&quot;:&quot;https://dev.azure.com/TGW-Software/_apis/projects/744bcfdb-d077-4806-894b-a59c43b3e13e&quot;}}" />
        </ServerContextState>
        <ServerContextState>
          <option name="type" value="VSO" />
          <option name="uri" value="https://dev.azure.com/TGW-Software/iwacs.iup/_git/iup" />
          <option name="serverUri" value="https://dev.azure.com/TGW-Software" />
          <option name="userId" value="dc084cd6-8e08-6a51-a1a5-386159ae8fbc" />
          <option name="teamProjectCollectionReference" value="{&quot;id&quot;:&quot;c6737026-f353-4d3e-876d-3f468ed66cad&quot;,&quot;name&quot;:&quot;TGW-Software&quot;,&quot;url&quot;:&quot;https://dev.azure.com/TGW-Software/_apis/projectCollections/c6737026-f353-4d3e-876d-3f468ed66cad&quot;}" />
          <option name="teamProjectReference" value="{&quot;abbreviation&quot;:null,&quot;description&quot;:&quot;iWACS legacy deployment software&quot;,&quot;id&quot;:&quot;32e5fd45-935c-4f1d-a8f2-476ab20571f4&quot;,&quot;name&quot;:&quot;iwacs.iup&quot;,&quot;revision&quot;:844,&quot;state&quot;:&quot;NEW&quot;,&quot;url&quot;:&quot;https://dev.azure.com/TGW-Software/_apis/projects/32e5fd45-935c-4f1d-a8f2-476ab20571f4&quot;}" />
          <option name="gitRepository" value="{&quot;defaultBranch&quot;:null,&quot;id&quot;:&quot;a3c80a5e-7eb2-4f56-9819-d63b19940f84&quot;,&quot;name&quot;:&quot;iup&quot;,&quot;remoteUrl&quot;:&quot;https://TGW-Software@dev.azure.com/TGW-Software/iwacs.iup/_git/iup&quot;,&quot;url&quot;:&quot;https://dev.azure.com/TGW-Software/_apis/git/repositories/a3c80a5e-7eb2-4f56-9819-d63b19940f84&quot;,&quot;_links&quot;:null,&quot;project&quot;:{&quot;abbreviation&quot;:null,&quot;description&quot;:&quot;iWACS legacy deployment software&quot;,&quot;id&quot;:&quot;32e5fd45-935c-4f1d-a8f2-476ab20571f4&quot;,&quot;name&quot;:&quot;iwacs.iup&quot;,&quot;revision&quot;:844,&quot;state&quot;:&quot;NEW&quot;,&quot;url&quot;:&quot;https://dev.azure.com/TGW-Software/_apis/projects/32e5fd45-935c-4f1d-a8f2-476ab20571f4&quot;}}" />
        </ServerContextState>
        <ServerContextState>
          <option name="type" value="VSO" />
          <option name="uri" value="https://TGW-Software@dev.azure.com/TGW-Software/iwacs.core/_git/core" />
          <option name="serverUri" value="https://dev.azure.com/TGW-Software" />
          <option name="userId" value="dc084cd6-8e08-6a51-a1a5-386159ae8fbc" />
          <option name="teamProjectCollectionReference" value="{&quot;id&quot;:&quot;c6737026-f353-4d3e-876d-3f468ed66cad&quot;,&quot;name&quot;:&quot;TGW-Software&quot;,&quot;url&quot;:&quot;https://dev.azure.com/TGW-Software/_apis/projectCollections/c6737026-f353-4d3e-876d-3f468ed66cad&quot;}" />
          <option name="teamProjectReference" value="{&quot;abbreviation&quot;:null,&quot;description&quot;:&quot;Project for all iwacs.core libraries&quot;,&quot;id&quot;:&quot;744bcfdb-d077-4806-894b-a59c43b3e13e&quot;,&quot;name&quot;:&quot;iwacs.core&quot;,&quot;revision&quot;:836,&quot;state&quot;:&quot;NEW&quot;,&quot;url&quot;:&quot;https://dev.azure.com/TGW-Software/_apis/projects/744bcfdb-d077-4806-894b-a59c43b3e13e&quot;}" />
          <option name="gitRepository" value="{&quot;defaultBranch&quot;:null,&quot;id&quot;:&quot;d5572a01-236d-44ef-8e86-dbc77bf58b10&quot;,&quot;name&quot;:&quot;core&quot;,&quot;remoteUrl&quot;:&quot;https://TGW-Software@dev.azure.com/TGW-Software/iwacs.core/_git/core&quot;,&quot;url&quot;:&quot;https://dev.azure.com/TGW-Software/_apis/git/repositories/d5572a01-236d-44ef-8e86-dbc77bf58b10&quot;,&quot;_links&quot;:null,&quot;project&quot;:{&quot;abbreviation&quot;:null,&quot;description&quot;:&quot;Project for all iwacs.core libraries&quot;,&quot;id&quot;:&quot;744bcfdb-d077-4806-894b-a59c43b3e13e&quot;,&quot;name&quot;:&quot;iwacs.core&quot;,&quot;revision&quot;:836,&quot;state&quot;:&quot;NEW&quot;,&quot;url&quot;:&quot;https://dev.azure.com/TGW-Software/_apis/projects/744bcfdb-d077-4806-894b-a59c43b3e13e&quot;}}" />
        </ServerContextState>
        <ServerContextState>
          <option name="type" value="VSO" />
          <option name="uri" value="https://TGW-Software@dev.azure.com/TGW-Software/iwacs.core/_git/core-keycloak" />
          <option name="serverUri" value="https://dev.azure.com/TGW-Software" />
          <option name="userId" value="dc084cd6-8e08-6a51-a1a5-386159ae8fbc" />
          <option name="teamProjectCollectionReference" value="{&quot;id&quot;:&quot;c6737026-f353-4d3e-876d-3f468ed66cad&quot;,&quot;name&quot;:&quot;TGW-Software&quot;,&quot;url&quot;:&quot;https://dev.azure.com/TGW-Software/_apis/projectCollections/c6737026-f353-4d3e-876d-3f468ed66cad&quot;}" />
          <option name="teamProjectReference" value="{&quot;abbreviation&quot;:null,&quot;description&quot;:&quot;Project for all iwacs.core libraries&quot;,&quot;id&quot;:&quot;744bcfdb-d077-4806-894b-a59c43b3e13e&quot;,&quot;name&quot;:&quot;iwacs.core&quot;,&quot;revision&quot;:740,&quot;state&quot;:&quot;NEW&quot;,&quot;url&quot;:&quot;https://dev.azure.com/TGW-Software/_apis/projects/744bcfdb-d077-4806-894b-a59c43b3e13e&quot;}" />
          <option name="gitRepository" value="{&quot;defaultBranch&quot;:null,&quot;id&quot;:&quot;72963311-8ada-4904-a37b-d69275d20ba8&quot;,&quot;name&quot;:&quot;core-keycloak&quot;,&quot;remoteUrl&quot;:&quot;https://TGW-Software@dev.azure.com/TGW-Software/iwacs.core/_git/core-keycloak&quot;,&quot;url&quot;:&quot;https://dev.azure.com/TGW-Software/_apis/git/repositories/72963311-8ada-4904-a37b-d69275d20ba8&quot;,&quot;_links&quot;:null,&quot;project&quot;:{&quot;abbreviation&quot;:null,&quot;description&quot;:&quot;Project for all iwacs.core libraries&quot;,&quot;id&quot;:&quot;744bcfdb-d077-4806-894b-a59c43b3e13e&quot;,&quot;name&quot;:&quot;iwacs.core&quot;,&quot;revision&quot;:740,&quot;state&quot;:&quot;NEW&quot;,&quot;url&quot;:&quot;https://dev.azure.com/TGW-Software/_apis/projects/744bcfdb-d077-4806-894b-a59c43b3e13e&quot;}}" />
        </ServerContextState>
        <ServerContextState>
          <option name="type" value="VSO" />
          <option name="uri" value="https://TGW-Software@dev.azure.com/TGW-Software/iwacs.core/_git/documentation" />
          <option name="serverUri" value="https://dev.azure.com/TGW-Software" />
          <option name="userId" value="dc084cd6-8e08-6a51-a1a5-386159ae8fbc" />
          <option name="teamProjectCollectionReference" value="{&quot;id&quot;:&quot;c6737026-f353-4d3e-876d-3f468ed66cad&quot;,&quot;name&quot;:&quot;TGW-Software&quot;,&quot;url&quot;:&quot;https://dev.azure.com/TGW-Software/_apis/projectCollections/c6737026-f353-4d3e-876d-3f468ed66cad&quot;}" />
          <option name="teamProjectReference" value="{&quot;abbreviation&quot;:null,&quot;description&quot;:&quot;Project for all iwacs.core libraries&quot;,&quot;id&quot;:&quot;744bcfdb-d077-4806-894b-a59c43b3e13e&quot;,&quot;name&quot;:&quot;iwacs.core&quot;,&quot;revision&quot;:836,&quot;state&quot;:&quot;NEW&quot;,&quot;url&quot;:&quot;https://dev.azure.com/TGW-Software/_apis/projects/744bcfdb-d077-4806-894b-a59c43b3e13e&quot;}" />
          <option name="gitRepository" value="{&quot;defaultBranch&quot;:null,&quot;id&quot;:&quot;b703b034-6a48-4a65-97a5-24445fc6c36c&quot;,&quot;name&quot;:&quot;documentation&quot;,&quot;remoteUrl&quot;:&quot;https://TGW-Software@dev.azure.com/TGW-Software/iwacs.core/_git/documentation&quot;,&quot;url&quot;:&quot;https://dev.azure.com/TGW-Software/_apis/git/repositories/b703b034-6a48-4a65-97a5-24445fc6c36c&quot;,&quot;_links&quot;:null,&quot;project&quot;:{&quot;abbreviation&quot;:null,&quot;description&quot;:&quot;Project for all iwacs.core libraries&quot;,&quot;id&quot;:&quot;744bcfdb-d077-4806-894b-a59c43b3e13e&quot;,&quot;name&quot;:&quot;iwacs.core&quot;,&quot;revision&quot;:836,&quot;state&quot;:&quot;NEW&quot;,&quot;url&quot;:&quot;https://dev.azure.com/TGW-Software/_apis/projects/744bcfdb-d077-4806-894b-a59c43b3e13e&quot;}}" />
        </ServerContextState>
        <ServerContextState>
          <option name="type" value="VSO" />
          <option name="uri" value="https://TGW-Software@dev.azure.com/TGW-Software/iwacs.core/_git/core-inquiry-rest" />
          <option name="serverUri" value="https://dev.azure.com/TGW-Software" />
          <option name="userId" value="dc084cd6-8e08-6a51-a1a5-386159ae8fbc" />
          <option name="teamProjectCollectionReference" value="{&quot;id&quot;:&quot;c6737026-f353-4d3e-876d-3f468ed66cad&quot;,&quot;name&quot;:&quot;TGW-Software&quot;,&quot;url&quot;:&quot;https://dev.azure.com/TGW-Software/_apis/projectCollections/c6737026-f353-4d3e-876d-3f468ed66cad&quot;}" />
          <option name="teamProjectReference" value="{&quot;abbreviation&quot;:null,&quot;description&quot;:&quot;Project for all iwacs.core libraries&quot;,&quot;id&quot;:&quot;744bcfdb-d077-4806-894b-a59c43b3e13e&quot;,&quot;name&quot;:&quot;iwacs.core&quot;,&quot;revision&quot;:836,&quot;state&quot;:&quot;NEW&quot;,&quot;url&quot;:&quot;https://dev.azure.com/TGW-Software/_apis/projects/744bcfdb-d077-4806-894b-a59c43b3e13e&quot;}" />
          <option name="gitRepository" value="{&quot;defaultBranch&quot;:null,&quot;id&quot;:&quot;469e03c6-bdb5-4cd1-bcc2-f2c622663ed1&quot;,&quot;name&quot;:&quot;core-inquiry-rest&quot;,&quot;remoteUrl&quot;:&quot;https://TGW-Software@dev.azure.com/TGW-Software/iwacs.core/_git/core-inquiry-rest&quot;,&quot;url&quot;:&quot;https://dev.azure.com/TGW-Software/_apis/git/repositories/469e03c6-bdb5-4cd1-bcc2-f2c622663ed1&quot;,&quot;_links&quot;:null,&quot;project&quot;:{&quot;abbreviation&quot;:null,&quot;description&quot;:&quot;Project for all iwacs.core libraries&quot;,&quot;id&quot;:&quot;744bcfdb-d077-4806-894b-a59c43b3e13e&quot;,&quot;name&quot;:&quot;iwacs.core&quot;,&quot;revision&quot;:836,&quot;state&quot;:&quot;NEW&quot;,&quot;url&quot;:&quot;https://dev.azure.com/TGW-Software/_apis/projects/744bcfdb-d077-4806-894b-a59c43b3e13e&quot;}}" />
        </ServerContextState>
      </array>
    </option>
    <option name="properties">
      <array>
        <PropertyState>
          <option name="name" value="lastContextKey" />
          <option name="value" value="//tgw-software@dev.azure.com/tgw-software/iwacs.core/_git/core-kernel-swingui" />
        </PropertyState>
      </array>
    </option>
  </component>
</application>