<application>
  <component name="DimensionService">
    <location key="find.popup.0.0.1920.1080" x="255" y="138" />
    <location key="find.popup.-2400.0.1920.1080@120dpi" x="-1676" y="126" />
    <location key="find.popup.0.0.3841.2160@216dpi" x="511" y="275" />
    <size key="find.popup.0.0.1920.1080" width="998" height="586" />
    <size key="GridCell.Tab.0.right.0.0.1920.1080" width="1838" height="298" />
    <size key="GridCell.Tab.0.left.0.0.1920.1080" width="1838" height="298" />
    <size key="GridCell.Tab.0.center.0.0.1920.1080" width="1838" height="298" />
    <size key="GridCell.Tab.0.bottom.0.0.1920.1080" width="1838" height="298" />
    <size key="GridCell.Tab.1.left.0.0.1920.1080" width="1838" height="295" />
    <size key="GridCell.Tab.1.center.0.0.1920.1080" width="1838" height="295" />
    <size key="GridCell.Tab.1.right.0.0.1920.1080" width="1838" height="295" />
    <size key="GridCell.Tab.1.bottom.0.0.1920.1080" width="1838" height="295" />
    <size key="GridCell.Tab.0.left.3840.0.1920.1080" width="1838" height="301" />
    <size key="GridCell.Tab.0.center.3840.0.1920.1080" width="1838" height="301" />
    <size key="GridCell.Tab.0.right.3840.0.1920.1080" width="1838" height="301" />
    <size key="GridCell.Tab.0.bottom.3840.0.1920.1080" width="1838" height="301" />
    <size key="GridCell.Tab.0.left.0.0.3840.2160@240dpi" width="3635" height="663" />
    <size key="GridCell.Tab.0.center.0.0.3840.2160@240dpi" width="3635" height="663" />
    <size key="GridCell.Tab.0.right.0.0.3840.2160@240dpi" width="3635" height="663" />
    <size key="GridCell.Tab.0.bottom.0.0.3840.2160@240dpi" width="3635" height="663" />
    <size key="GridCell.Tab.1.left.0.0.3840.2160@240dpi" width="3635" height="663" />
    <size key="GridCell.Tab.1.center.0.0.3840.2160@240dpi" width="3635" height="663" />
    <size key="GridCell.Tab.1.right.0.0.3840.2160@240dpi" width="3635" height="663" />
    <size key="GridCell.Tab.1.bottom.0.0.3840.2160@240dpi" width="3635" height="663" />
    <size key="GridCell.Tab.0.left.-2400.0.1920.1080@120dpi" width="1818" height="332" />
    <size key="GridCell.Tab.0.center.-2400.0.1920.1080@120dpi" width="1818" height="332" />
    <size key="GridCell.Tab.0.right.-2400.0.1920.1080@120dpi" width="1818" height="332" />
    <size key="GridCell.Tab.0.bottom.-2400.0.1920.1080@120dpi" width="1818" height="332" />
    <size key="GridCell.Tab.1.left.-2400.0.1920.1080@120dpi" width="1818" height="332" />
    <size key="GridCell.Tab.1.center.-2400.0.1920.1080@120dpi" width="1818" height="332" />
    <size key="GridCell.Tab.1.right.-2400.0.1920.1080@120dpi" width="1818" height="332" />
    <size key="GridCell.Tab.1.bottom.-2400.0.1920.1080@120dpi" width="1818" height="332" />
    <size key="find.popup.-2400.0.1920.1080@120dpi" width="999" height="733" />
    <size key="GridCell.Tab.0.left.-9600.0.3840.2160@240dpi" width="3638" height="863" />
    <size key="GridCell.Tab.0.center.-9600.0.3840.2160@240dpi" width="3638" height="863" />
    <size key="GridCell.Tab.0.right.-9600.0.3840.2160@240dpi" width="3638" height="863" />
    <size key="GridCell.Tab.0.bottom.-9600.0.3840.2160@240dpi" width="3638" height="863" />
    <size key="GridCell.Tab.1.left.-9600.0.3840.2160@240dpi" width="3638" height="863" />
    <size key="GridCell.Tab.1.center.-9600.0.3840.2160@240dpi" width="3638" height="863" />
    <size key="GridCell.Tab.1.right.-9600.0.3840.2160@240dpi" width="3638" height="863" />
    <size key="GridCell.Tab.1.bottom.-9600.0.3840.2160@240dpi" width="3638" height="863" />
    <size key="find.popup.0.0.3841.2160@216dpi" width="1998" height="1260" />
    <size key="GridCell.Tab.0.left.1920.0.1920.1080" width="1838" height="276" />
    <size key="GridCell.Tab.0.center.1920.0.1920.1080" width="1838" height="276" />
    <size key="GridCell.Tab.0.right.1920.0.1920.1080" width="1838" height="276" />
    <size key="GridCell.Tab.0.bottom.1920.0.1920.1080" width="1838" height="276" />
    <size key="GridCell.Tab.1.left.1920.0.1920.1080" width="1838" height="276" />
    <size key="GridCell.Tab.1.center.1920.0.1920.1080" width="1838" height="276" />
    <size key="GridCell.Tab.1.right.1920.0.1920.1080" width="1838" height="276" />
    <size key="GridCell.Tab.1.bottom.1920.0.1920.1080" width="1838" height="276" />
    <size key="GridCell.Tab.0.right.-1920.0.1920.1080" width="1838" height="318" />
    <size key="GridCell.Tab.0.left.-1920.0.1920.1080" width="1838" height="318" />
    <size key="GridCell.Tab.0.center.-1920.0.1920.1080" width="1838" height="318" />
    <size key="GridCell.Tab.0.bottom.-1920.0.1920.1080" width="1838" height="318" />
  </component>
  <component name="WindowManager">
    <frame x="-8" y="-8" width="1936" height="1048" extendedState="6" />
  </component>
  <component name="WindowStateApplicationService">
    <state width="868" height="134" key="ShowUsagesActions.dimensionServiceKey" timestamp="1759907646040">
      <screen x="0" y="0" width="1920" height="1032" />
    </state>
    <state width="868" height="134" key="ShowUsagesActions.dimensionServiceKey/-1920.0.1536.826/0.0.1920.1032" timestamp="1759907646040" />
    <state width="300" height="349" key="Vcs.CompareWithSelectedRevision.Popup" timestamp="1759994385222">
      <screen x="0" y="0" width="1920" height="1032" />
    </state>
    <state width="300" height="349" key="Vcs.CompareWithSelectedRevision.Popup/-1920.0.1536.826/0.0.1920.1032" timestamp="1759994385222" />
    <state x="726" y="126" key="find.popup" timestamp="1753694767124">
      <screen x="0" y="0" width="1920" height="1032" />
    </state>
    <state x="726" y="126" key="find.popup/-1920.0.1536.826/0.0.1920.1032" timestamp="1753694767124" />
  </component>
</application>