<application>
  <component name="Translation.Cache">
    <option name="lastTrimTime" value="1764067011565" />
  </component>
  <component name="Translation.States">
    <option name="translationDialogHeight" value="260" />
    <option name="translationDialogLocationX" value="659" />
    <option name="translationDialogLocationY" value="385" />
    <histories>
      <item value="durch" />
      <item value="d" />
      <item value="übersichtlichkeit" />
      <item value="capture of ? extends AbstractDatabaseObject" />
      <item value="Versuch, einen doppelten Key in additionalGetter einzufügen" />
      <item value="Lösche alle leeren Unterordner (rekursiv, von unten nach oben)" />
      <item value="Lösche alle -compressed.mp4 Dateien rekursiv" />
      <item value="Wenn das Wurzelverzeichnis jetzt leer ist, lösche es auch" />
      <item value="Testablauf" />
    </histories>
    <option name="languageScores">
      <map>
        <entry key="ENGLISH" value="7" />
        <entry key="GERMAN" value="8" />
      </map>
    </option>
  </component>
</application>