<application>
  <component name="Translation.Cache">
    <option name="lastTrimTime" value="1695811453975" />
  </component>
  <component name="Translation.States">
    <option name="newTranslationDialogWidth" value="616" />
    <option name="newTranslationDialogX" value="801" />
    <option name="newTranslationDialogY" value="452" />
    <histories>
      <item value="Einladung" />
      <item value="Function currently not available check configuration." />
      <item value="tinkered" />
      <item value="Für %0% kann wegen fehlender Berechtigung keine Lizenz generiert werden." />
      <item value="F\u00FCr %0% kann wegen fehlender Berechtigung keine Lizenz generiert werden." />
      <item value="Save Filter" />
      <item value="CreateFilterPresetDialog.saveFilter" />
      <item value="Class '%0%' is not supported for filter presets." />
      <item value="A internal error occurred." />
      <item value="Class for name '%0%' could not be found." />
      <item value="The filter '%0%' cannot be saved. Would you like to save the filter presets anyway?" />
      <item value="Can not load the value of filter %0%." />
      <item value="You are about to delete filters, this cannot be undone. Do you really want to delete the following filters?" />
      <item value="Manage saved filters" />
      <item value="Es ist ein interner Fehler aufgetreten" />
      <item value="Es ist ein interner Fh" />
      <item value="Der filter &quot;abc&quot; konnte nicht gespeichert werden. wollen sie dennoch ihren Filter abspeichern?" />
      <item value="Der filter &quot;abc&quot; konnte nicht gespeichert werden, wollen sie dennoch ihren Filter abspeichern?" />
      <item value="Der filter &quot;abc&quot; konnte nicht gespeichert werden, wollen sie dennoch ihren Filter abspeichern" />
      <item value="Der filter &quot;abc&quot; konnte nicht gepseichert werden, wollen sie dennoch ihren Filter abspeichern" />
      <item value="Der filter &quot;abc&quot; konnte nicht gepseichert werden, wollen sie dennoch ihren Filter absp" />
      <item value="Der filter &quot;abc&quot; konnte nicht gepseichert werden, wollen sie dennoch ihren Filter " />
      <item value="Der filter &quot;abc&quot; konnte nicht gepseichert werden, wollen sie dennoch ihre filter vorbn" />
      <item value="Der filter &quot;abc&quot; konnte nicht gepseichert werden, wollen sie dennoch ihre filter" />
      <item value="Der filter &quot;abc&quot; konnte nicht gepseichert werden, wollen sie dennoch ihre fi" />
      <item value="Der filter &quot;abc&quot; konnte nicht gepseichert werden, wollen sie dennoch ihre " />
      <item value="Der filter &quot;abc&quot; konnte nicht gepseichert werden" />
      <item value="Der filter &quot;abc&quot; konnte nicht gepsei" />
      <item value="Der filter &quot;abc&quot; konnten " />
      <item value="Der filter &quot;abc&quot; " />
      <item value="Der filter &quot;abc" />
      <item value="Der filter abc" />
      <item value="Der filter" />
      <item value="Der" />
      <item value="Die Klasse mit den Namen „%0%“ konnte nicht gefunden werden." />
      <item value="Die Klasse für den Namen „%0%“ konnte nicht gefunden werden." />
      <item value="Test" />
    </histories>
    <option name="languageScores">
      <map>
        <entry key="ENGLISH" value="8" />
        <entry key="GERMAN" value="21" />
      </map>
    </option>
  </component>
</application>