<list display="VCS">
  <action id="Vcs.Push" />
  <action id="Vcs.UpdateProject" />
  <action id="ChangesView.Revert" />
  <action id="CheckinProject" />
  <action id="ChangesView.ApplyPatchFromClipboard" />
  <action id="ChangesView.ApplyPatch" />
  <action id="Annotate" />
  <action id="Compare.Specified" />
  <action id="Compare.Selected" />
  <action id="Vcs.ShowTabbedFileHistory" />
  <action id="Vcs.ShowHistoryForBlock" />
  <action id="Diff.ShowDiff" />
  <action id="ChangesView.Refresh" />
  <action id="QuickList.$Separator$" />
  <action id="LocalHistory.ShowHistory" />
  <action id="LocalHistory.ShowSelectionHistory" />
  <action id="LocalHistory.PutLabel" />
</list>