<profile version="1.0">
  <option name="myName" value="Default" />
  <inspection_tool class="ArraysAsListWithZeroOrOneArgument" enabled="false" level="WARNING" enabled_by_default="false" />
  <inspection_tool class="DoubleCheckedLocking" enabled="true" level="WARNING" enabled_by_default="true">
    <option name="ignoreOnVolatileVariables" value="true" />
  </inspection_tool>
  <inspection_tool class="EmptyMethod" enabled="true" level="WARNING" enabled_by_default="true">
    <option name="EXCLUDE_ANNOS">
      <value>
        <list size="0" />
      </value>
    </option>
    <option name="commentsAreContent" value="true" />
  </inspection_tool>
  <inspection_tool class="EmptyStatementBody" enabled="true" level="WARNING" enabled_by_default="true">
    <option name="m_reportEmptyBlocks" value="true" />
    <option name="commentsAreContent" value="true" />
  </inspection_tool>
  <inspection_tool class="FieldMayBeFinal" enabled="true" level="WEAK WARNING" enabled_by_default="true" />
  <inspection_tool class="FieldMayBeStatic" enabled="true" level="WARNING" enabled_by_default="true" />
  <inspection_tool class="FloatingPointEquality" enabled="true" level="WARNING" enabled_by_default="true" />
  <inspection_tool class="HtmlTagCanBeJavadocTag" enabled="true" level="INFORMATION" enabled_by_default="true" />
  <inspection_tool class="JavaDoc" enabled="true" level="WEAK WARNING" enabled_by_default="true">
    <option name="TOP_LEVEL_CLASS_OPTIONS">
      <value>
        <option name="ACCESS_JAVADOC_REQUIRED_FOR" value="public" />
        <option name="REQUIRED_TAGS" value="" />
      </value>
    </option>
    <option name="INNER_CLASS_OPTIONS">
      <value>
        <option name="ACCESS_JAVADOC_REQUIRED_FOR" value="none" />
        <option name="REQUIRED_TAGS" value="" />
      </value>
    </option>
    <option name="METHOD_OPTIONS">
      <value>
        <option name="ACCESS_JAVADOC_REQUIRED_FOR" value="public" />
        <option name="REQUIRED_TAGS" value="@return@param@throws or @exception" />
      </value>
    </option>
    <option name="FIELD_OPTIONS">
      <value>
        <option name="ACCESS_JAVADOC_REQUIRED_FOR" value="none" />
        <option name="REQUIRED_TAGS" value="" />
      </value>
    </option>
    <option name="IGNORE_DEPRECATED" value="false" />
    <option name="IGNORE_JAVADOC_PERIOD" value="true" />
    <option name="IGNORE_DUPLICATED_THROWS" value="false" />
    <option name="IGNORE_POINT_TO_ITSELF" value="false" />
    <option name="myAdditionalJavadocTags" value="" />
  </inspection_tool>
  <inspection_tool class="JavadocReference" enabled="true" level="WARNING" enabled_by_default="true" />
  <inspection_tool class="MethodMayBeStatic" enabled="true" level="WARNING" enabled_by_default="true">
    <option name="m_onlyPrivateOrFinal" value="true" />
    <option name="m_ignoreEmptyMethods" value="true" />
  </inspection_tool>
  <inspection_tool class="MissingDeprecatedAnnotation" enabled="true" level="WARNING" enabled_by_default="true">
    <option name="warnOnMissingJavadoc" value="true" />
  </inspection_tool>
  <inspection_tool class="NonSerializableWithSerialVersionUIDField" enabled="true" level="WARNING" enabled_by_default="true" />
  <inspection_tool class="NullableProblems" enabled="true" level="WARNING" enabled_by_default="true">
    <option name="REPORT_NULLABLE_METHOD_OVERRIDES_NOTNULL" value="true" />
    <option name="REPORT_NOT_ANNOTATED_METHOD_OVERRIDES_NOTNULL" value="false" />
    <option name="REPORT_NOTNULL_PARAMETER_OVERRIDES_NULLABLE" value="true" />
    <option name="REPORT_NOT_ANNOTATED_PARAMETER_OVERRIDES_NOTNULL" value="true" />
    <option name="REPORT_NOT_ANNOTATED_GETTER" value="true" />
    <option name="REPORT_NOT_ANNOTATED_SETTER_PARAMETER" value="true" />
    <option name="REPORT_ANNOTATION_NOT_PROPAGATED_TO_OVERRIDERS" value="false" />
    <option name="REPORT_NULLS_PASSED_TO_NON_ANNOTATED_METHOD" value="true" />
  </inspection_tool>
  <inspection_tool class="PackageInfoWithoutPackage" enabled="true" level="WARNING" enabled_by_default="true" />
  <inspection_tool class="RawTypeCanBeGeneric" enabled="true" level="WARNING" enabled_by_default="true" />
  <inspection_tool class="RedundantSuppression" enabled="true" level="WEAK WARNING" enabled_by_default="true" />
  <inspection_tool class="SafeLock" enabled="true" level="WARNING" enabled_by_default="true" />
  <inspection_tool class="SameParameterValue" enabled="true" level="WEAK WARNING" enabled_by_default="true" />
  <inspection_tool class="SameReturnValue" enabled="true" level="WEAK WARNING" enabled_by_default="true" />
  <inspection_tool class="SerialVersionUIDNotStaticFinal" enabled="true" level="WARNING" enabled_by_default="true" />
  <inspection_tool class="SerializableHasSerialVersionUIDField" enabled="true" level="WARNING" enabled_by_default="true">
    <option name="ignoreAnonymousInnerClasses" value="false" />
    <option name="superClassString" value="java.awt.Component" />
  </inspection_tool>
  <inspection_tool class="SerializableInnerClassHasSerialVersionUIDField" enabled="true" level="WARNING" enabled_by_default="true">
    <option name="ignoreAnonymousInnerClasses" value="false" />
    <option name="superClassString" value="java.awt.Component" />
  </inspection_tool>
  <inspection_tool class="UnnecessaryExplicitNumericCast" enabled="true" level="WARNING" enabled_by_default="true" />
  <inspection_tool class="UnnecessarySuperConstructor" enabled="true" level="WARNING" enabled_by_default="true" />
  <inspection_tool class="UnusedLibrary" enabled="true" level="WARNING" enabled_by_default="true" />
  <inspection_tool class="UnusedProperty" enabled="false" level="WARNING" enabled_by_default="false" />
  <inspection_tool class="UpperCaseFieldNameNotConstant" enabled="true" level="WARNING" enabled_by_default="true" />
  <inspection_tool class="VariableNotUsedInsideIf" enabled="true" level="WARNING" enabled_by_default="true" />
  <inspection_tool class="WeakerAccess" enabled="true" level="WEAK WARNING" enabled_by_default="true">
    <option name="SUGGEST_PACKAGE_LOCAL_FOR_MEMBERS" value="true" />
    <option name="SUGGEST_PACKAGE_LOCAL_FOR_TOP_CLASSES" value="true" />
    <option name="SUGGEST_PRIVATE_FOR_INNERS" value="false" />
  </inspection_tool>
</profile>