<profile version="1.0">
  <description>moar javadoc</description>
  <option name="myName" value="DrJava" />
  <inspection_tool class="FieldMayBeFinal" enabled="true" level="WEAK WARNING" enabled_by_default="true" />
  <inspection_tool class="HtmlTagCanBeJavadocTag" enabled="true" level="WARNING" enabled_by_default="true" />
  <inspection_tool class="JavaDoc" enabled="true" level="ERROR" enabled_by_default="true">
    <option name="TOP_LEVEL_CLASS_OPTIONS">
      <value>
        <option name="ACCESS_JAVADOC_REQUIRED_FOR" value="public" />
        <option name="REQUIRED_TAGS" value="" />
      </value>
    </option>
    <option name="INNER_CLASS_OPTIONS">
      <value>
        <option name="ACCESS_JAVADOC_REQUIRED_FOR" value="protected" />
        <option name="REQUIRED_TAGS" value="" />
      </value>
    </option>
    <option name="METHOD_OPTIONS">
      <value>
        <option name="ACCESS_JAVADOC_REQUIRED_FOR" value="protected" />
        <option name="REQUIRED_TAGS" value="@return@param@throws or @exception" />
      </value>
    </option>
    <option name="FIELD_OPTIONS">
      <value>
        <option name="ACCESS_JAVADOC_REQUIRED_FOR" value="none" />
        <option name="REQUIRED_TAGS" value="" />
      </value>
    </option>
    <option name="IGNORE_DEPRECATED" value="false" />
    <option name="IGNORE_JAVADOC_PERIOD" value="true" />
    <option name="IGNORE_DUPLICATED_THROWS" value="false" />
    <option name="IGNORE_POINT_TO_ITSELF" value="false" />
    <option name="myAdditionalJavadocTags" value="" />
    <option name="MODULE_OPTIONS">
      <option name="ACCESS_JAVADOC_REQUIRED_FOR" value="public" />
      <option name="REQUIRED_TAGS" value="" />
    </option>
    <option name="ACCESS_JAVADOC_REQUIRED_FOR" value="public" />
    <option name="REQUIRED_TAGS" value="" />
  </inspection_tool>
  <inspection_tool class="JavadocHtmlLint" enabled="true" level="ERROR" enabled_by_default="true" />
  <inspection_tool class="MissingDeprecatedAnnotation" enabled="true" level="WARNING" enabled_by_default="true">
    <option name="warnOnMissingJavadoc" value="true" />
  </inspection_tool>
  <inspection_tool class="MissingPackageInfo" enabled="true" level="WARNING" enabled_by_default="true" />
  <inspection_tool class="NonSerializableWithSerialVersionUIDField" enabled="true" level="WARNING" enabled_by_default="true" />
  <inspection_tool class="PackageDotHtmlMayBePackageInfo" enabled="true" level="WARNING" enabled_by_default="true" />
  <inspection_tool class="PackageInfoWithoutPackage" enabled="true" level="WARNING" enabled_by_default="true" />
  <inspection_tool class="RawTypeCanBeGeneric" enabled="true" level="WARNING" enabled_by_default="true" />
  <inspection_tool class="SafeLock" enabled="true" level="WARNING" enabled_by_default="true" />
  <inspection_tool class="SerialVersionUIDNotStaticFinal" enabled="true" level="WARNING" enabled_by_default="true" />
  <inspection_tool class="SerializableHasSerialVersionUIDField" enabled="true" level="WARNING" enabled_by_default="true">
    <option name="ignoreAnonymousInnerClasses" value="false" />
    <option name="superClassString" value="java.awt.Component" />
  </inspection_tool>
  <inspection_tool class="SerializableInnerClassHasSerialVersionUIDField" enabled="true" level="WARNING" enabled_by_default="true">
    <option name="ignoreAnonymousInnerClasses" value="false" />
    <option name="superClassString" value="java.awt.Component" />
  </inspection_tool>
  <inspection_tool class="SpellCheckingInspection" enabled="false" level="TYPO" enabled_by_default="false">
    <option name="processCode" value="true" />
    <option name="processLiterals" value="true" />
    <option name="processComments" value="true" />
  </inspection_tool>
  <inspection_tool class="UnnecessaryInheritDoc" enabled="true" level="WARNING" enabled_by_default="true" />
  <inspection_tool class="UnnecessaryJavaDocLink" enabled="true" level="WARNING" enabled_by_default="true">
    <option name="ignoreInlineLinkToSuper" value="false" />
  </inspection_tool>
  <inspection_tool class="UnusedLibrary" enabled="true" level="WARNING" enabled_by_default="true" />
</profile>